{
    "m_Version": 22,
    "Enabled": 1,
    "DespawnTime": 600.0,
    "RespawnTime": -1.0,
    "MinDistRadius": 400.0,
    "MaxDistRadius": 1000.0,
    "DespawnRadius": 1100.0,
    "AccuracyMin": -1.0,
    "AccuracyMax": -1.0,
    "ThreatDistanceLimit": -1.0,
    "NoiseInvestigationDistanceLimit": -1.0,
    "DamageMultiplier": -1.0,
    "DamageReceivedMultiplier": -1.0,
    "ObjectPatrols": [],
    "Patrols": [
        {
            "Name": "",
            "Persist": 0,
            "Faction": "East",
            "Formation": "Wall",
            "FormationLooseness": 10.0,
            "Loadout": "A_Civ_556",
            "Units": [],
            "NumberOfAI": -4,
            "Behaviour": "ALTERNATE",
            "LootingBehaviour": "DEFAULT",
            "Speed": "WALK",
            "UnderThreatSpeed": "JOG",
            "CanBeLooted": 1,
            "UnlimitedReload": 1,
            "SniperProneDistanceThreshold": 200.0,
            "AccuracyMin": 0.6700000190734863,
            "AccuracyMax": 0.7100000596046448,
            "ThreatDistanceLimit": -1.0,
            "NoiseInvestigationDistanceLimit": -1.0,
            "DamageMultiplier": -1.0,
            "DamageReceivedMultiplier": -1.0,
            "CanBeTriggeredByAI": 0,
            "MinDistRadius": -2.0,
            "MaxDistRadius": -2.0,
            "DespawnRadius": -2.0,
            "MinSpreadRadius": 3.0,
            "MaxSpreadRadius": 40.0,
            "Chance": 1.0,
            "WaypointInterpolation": "",
            "DespawnTime": -2.0,
            "RespawnTime": 720.0,
            "UseRandomWaypointAsStartPoint": 1,
            "Waypoints": [
                [
                    10622.0,
                    180.23800659179688,
                    11052.2001953125
                ],
                [
                    10676.0,
                    180.70899963378907,
                    10988.599609375
                ],
                [
                    10823.900390625,
                    185.04299926757813,
                    10819.400390625
                ],
                [
                    10861.2998046875,
                    184.9340057373047,
                    10772.599609375
                ],
                [
                    10768.400390625,
                    194.34800720214845,
                    10568.900390625
                ],
                [
                    10977.5,
                    184.06300354003907,
                    10566.2998046875
                ],
                [
                    10908.099609375,
                    184.4510040283203,
                    10712.0
                ],
                [
                    10788.7998046875,
                    184.9429931640625,
                    10859.099609375
                ],
                [
                    10682.0,
                    180.8000030517578,
                    10982.400390625
                ],
                [
                    10572.900390625,
                    185.10899353027345,
                    10892.099609375
                ],
                [
                    10412.900390625,
                    187.281005859375,
                    11026.2998046875
                ],
                [
                    10572.900390625,
                    185.10899353027345,
                    10892.099609375
                ],
                [
                    10682.0,
                    180.8000030517578,
                    10982.400390625
                ]
            ]
        },
		{
            "Name": "",
            "Persist": 0,
            "Faction": "East",
            "Formation": "Wall",
            "FormationLooseness": 10.0,
            "Loadout": "A_Grabin_Mix556",
            "Units": [],
            "NumberOfAI": -3,
            "Behaviour": "LOOP",
            "LootingBehaviour": "DEFAULT",
            "Speed": "WALK",
            "UnderThreatSpeed": "JOG",
            "CanBeLooted": 1,
            "UnlimitedReload": 1,
            "SniperProneDistanceThreshold": 200.0,
            "AccuracyMin": 0.6700000190734863,
            "AccuracyMax": 0.7100000596046448,
            "ThreatDistanceLimit": -1.0,
            "NoiseInvestigationDistanceLimit": -1.0,
            "DamageMultiplier": -1.0,
            "DamageReceivedMultiplier": -1.0,
            "CanBeTriggeredByAI": 0,
            "MinDistRadius": -2.0,
            "MaxDistRadius": -2.0,
            "DespawnRadius": -2.0,
            "MinSpreadRadius": 3.0,
            "MaxSpreadRadius": 40.0,
            "Chance": 1.0,
            "WaypointInterpolation": "",
            "DespawnTime": -2.0,
            "RespawnTime": 720.0,
            "UseRandomWaypointAsStartPoint": 1,
            "Waypoints": [
                [
					9946.42,
					219.475,
					10611.4
				],
                [
					10069.5,
					212.102,
					10709
				],
                [
					10218.8,
					203.349,
					10701.2
				],
                [
					10172.7,
					209.976,
					10557
				],
                [
					10172.7,
					209.976,
					10557
				],
                [
					10027.4,
					224.033,
					10461.7
				],
                [
					9922.77,
					222.205,
					10566.6
				]
            ]
        },
		{
            "Name": "",
            "Persist": 0,
            "Faction": "East",
            "Formation": "Wall",
            "FormationLooseness": 10.0,
            "Loadout": "A_Param_556",
            "Units": [],
            "NumberOfAI": -4,
            "Behaviour": "LOOP",
            "LootingBehaviour": "DEFAULT",
            "Speed": "WALK",
            "UnderThreatSpeed": "JOG",
            "CanBeLooted": 1,
            "UnlimitedReload": 1,
            "SniperProneDistanceThreshold": 200.0,
            "AccuracyMin": 0.6700000190734863,
            "AccuracyMax": 0.7100000596046448,
            "ThreatDistanceLimit": -1.0,
            "NoiseInvestigationDistanceLimit": -1.0,
            "DamageMultiplier": -1.0,
            "DamageReceivedMultiplier": -1.0,
            "CanBeTriggeredByAI": 0,
            "MinDistRadius": -2.0,
            "MaxDistRadius": -2.0,
            "DespawnRadius": -2.0,
            "MinSpreadRadius": 3.0,
            "MaxSpreadRadius": 40.0,
            "Chance": 1.0,
            "WaypointInterpolation": "",
            "DespawnTime": -2.0,
            "RespawnTime": 720.0,
            "UseRandomWaypointAsStartPoint": 1,
            "Waypoints": [
                [
					11025.7,
					181.171,
					10423.4
				],
                [
					10877.9,
					187.636,
					10403.6
				],
                [
					10742.2,
					190.329,
					10342.7
				],
                [
					10704.8,
					197.126,
					10488
				],
                [
					10796.9,
					191.909,
					10606.5
				],
                [
					10911.3,
					184.381,
					10700.8
				],
                [
					10988.4,
					183.768,
					10569.9
				],
                [
					11005.4,
					182.139,
					10423
				]
            ]
        }
    ]
}